0_917559261@inet_out.mail.aol.com.1,,,,,,,
0_917559261@inet_out.mail.HHSS.SE.2,,,,,,,
0Ainfo@eto.org.uk,,,,,,,
100000@matthew.uk1.vbc.net,,,,,,,
100413.2641@CompuServe.COM,,,,,,,
100615.3260@compuserve.com,,,,,,,
100703.3071@compuserve.com,,,,,,,
106666.1232@compuserve.com,,,,,,,
18020@HHSS.SE,,,,,,,
199803240313.WAA06298@trode.redhat.com,,,,,,,
20piasente@swissonline.ch,,,,,,,
241@watnews1.watson.ibm.com,,,,,,,
24250dbacc@hawkeye7.ptd.n,,,,,,,
245@celes.unizar.es,,,,,,,
24mnf@netaxs.com,,,,,,,
2BwbbEF1H0J.6Mo@netcom.com,,,,,,,
33E2D44D.C00@viagrafix.com,,,,,,,
33E9C46F.1F31@xxxswbell.net,,,,,,,
33f364a6.1355058@news.std.com,,,,,,,
33F5F399.F419834@earth.execnet.com,,,,,,,
33FA15C0.167EB0E7@gulf.net,,,,,,,
33fabbe7.13494620@news.erols.com,,,,,,,
34058e69.11311071@netnews2.worldnet.att.net,,,,,,,
34D8A2ED.7A23878C@ix.netcom.com,,,,,,,
3516AD63.75FC56DF@dircon.co.uk,,,,,,,
496F7B123081D1119B4400A0C98CFC71132CFC@ex1.hhss.se,,,,,,,
678-7017@MCIMAIL.COM,,,,,,,
871283229.3925@dejanews.com,,,,,,,
871742122.1950@dejanews.com,,,,,,,
9901271641.AA33188@alborz.watson.ibm.com,,,,,,,
abh@address.sk,,,,,,,
acastro@ctv.es,,,,,,,
action@iic.org,,,,,,,
action-owner@mail.iic.org,,,,,,,
adamo_one@juno.com,,,,,,,
adjutant@ozemail.com.au,,,,,,,
admin@chilternmag.demon.co.uk,,,,,,,
admin@cwwa.ca,,,,,,,
admin@netaxis.ca,,,,,,,
adrl@whoweb.com,,,,,,,
advertise@compura.com,,,,,,,
Agincourt@bigpond.com,,,,,,,
a-infos-d@tao.ca,,,,,,,
aislinn@merlin.net.au,,,,,,,
ajeffries@kwikrite.clara.net,,,,,,,
al436@freenet.carleton.ca,,,,,,,
alanc@aol.com,,,,,,,
alborz@alborzi.com,,,,,,,
alecmacalister@hotmail.com,,,,,,,
alex@spiral.org,,,,,,,
alex@spiral.org.,,,,,,,
allicat@cyburban.com,,,,,,,
alober@gamesmania.com,,,,,,,
ambafr@ottawa.ambafrance.org,,,,,,,
amo@powerup.com.au,,,,,,,
anadime@anadime.com,,,,,,,
andrew.downie@fasthosts.co.uk,,,,,,,
Andy@wdmncote.demon.co.uk,,,,,,,
angry@otap.com,,,,,,,
anton@canad.ro,,,,,,,
apawlus@primenet.com,,,,,,,
arranoyc.ialtd001@chilnet.cl,,,,,,,
art_is_corp@hotmail.com,,,,,,,
atu@atubvi.com,,,,,,,
avilagroup@aol.com,,,,,,,
awheeler@ukbusinessnet.com,,,,,,,
B.Scown@cqu.edu.au,,,,,,,
bacau@xxx.eunet.ro,,,,,,,
bahamas@iscn.ie,,,,,,,
bahamas@sbox.tu-graz.ac.at,,,,,,,
balans@pcnet.pcnet.ro,,,,,,,
Balistic@Infonie.fr,,,,,,,
bayou@blarg.net,,,,,,,
bbrooks@vvm.com,,,,,,,
ben.scheffler@post.rwth-aachen.de,,,,,,,
ben@dubin.com,,,,,,,
benefits@insurer.com,,,,,,,
berthiay@ere.umontreal.ca,,,,,,,
bhollis@direct.ca,,,,,,,
billgates@microsoft.com,,,,,,,
billing@hostways.com,,,,,,,
billygunn76@hotmail.com,,,,,,,
bizopp@dialog.ro,,,,,,,
bjorn@bitforge.com,,,,,,,
blackout@storm.ca,,,,,,,
blairjad@gil.com.au,,,,,,,
Blane@datec.com.au,,,,,,,
blapianta@reedexpo.com,,,,,,,
blarson@blars.la.ca.us,,,,,,,
blaster@gil.com.au,,,,,,,
blkshire@aol.com,,,,,,,
Blood.Red.Rose@worldnet.att.net,,,,,,,
blume@gwi-de.com,,,,,,,
bobbillybob@hotmail.com.,,,,,,,
branko.rakic@medipharm.si,,,,,,,
bryanfdn@virtuallyfree.com,,,,,,,
btimes@tml.co.za,,,,,,,
bueroagil@aol.co,,,,,,,
bursa.oferte@pcnet.ro,,,,,,,
c.craig@eng.abdn.ac.uk,,,,,,,
cabanase.ntrer001@chilnet.cl,,,,,,,
calin@forfree.at,,,,,,,
carl.muhlner@gartner.com,,,,,,,
carolie@teleplex.net,,,,,,,
carolina@yours.com,,,,,,,
caroline_kuipers@cc.mcafee.com,,,,,,,
cat@codec.ro,,,,,,,
cavallaro@txt.it,,,,,,,
cboote@penagen.co.uk,,,,,,,
ccgrau@disca.upv.es,,,,,,,
ceevo0@cyberclub95.fr,,,,,,,
cepis@cepis.org.pe,,,,,,,
cgladish@cctr.umkc.edu,,,,,,,
ch@mvdn.com,,,,,,,
ch@netindustries.com,,,,,,,
chair@iic.org,,,,,,,
channels@abccarriers.hypermart.net,,,,,,,
chilechester@yahoo.com,,,,,,,
Christine.Vanoirbeek@epfl.ch,,,,,,,
Christophe.Bernard@Wanadoo.fr,,,,,,,
chuck0@infoshop.org,,,,,,,
chuckeasley@ibm.net,,,,,,,
civil.construct@codec.ro,,,,,,,
clederman@mcimail.com,,,,,,,
CMM.0.90.1.858893482.risko@chiron.csl.sri.com,,,,,,,
coreyg@mindspring.com,,,,,,,
csanders35@hotmail.com,,,,,,,
cultural@atlantic.com,,,,,,,
cutter@cyberhighway.net,,,,,,,
cware@vvm.com,,,,,,,
cyberpro@cyberworld.it,,,,,,,
d1lamontgo@moac.morgan.edu,,,,,,,
dagostino@advcom.it,,,,,,,
davemcclean@earthlink.net,,,,,,,
David@mr.INSA-Tlse.fr,,,,,,,
david@skyrme.com,,,,,,,
dbasics@aol.com,,,,,,,
ddamian@usa.net,,,,,,,
ddunn@cmp.com,,,,,,,
debruin@mail.dec.com,,,,,,,
deltaepro@kappa.ro,,,,,,,
denizens@tower.org,,,,,,,
denoble@aros.net,,,,,,,
di_andrei@hotmail.com,,,,,,,
dibomega@worldnet.fr,,,,,,,
dimineata@kappa.ro,,,,,,,
dinicola@mclink.it,,,,,,,
disc-owner@mail.iic.org,,,,,,,
divecomp@cyberworld.it,,,,,,,
dmd@metropolitan.com.ec,,,,,,,
DMooney936@aol.com,,,,,,,
dougp23@hotmail.com,,,,,,,
drgnslyr@ptd.net,,,,,,,
driddle@cyberhighway.net,,,,,,,
duha@bond.cz,,,,,,,
dusk_spawn@hotmail.com,,,,,,,
dwilli6915@aol.com,,,,,,,
eaa0008@co.honolulu.hi.us,,,,,,,
eanders@spacestar.net,,,,,,,
editor@gamecabinet.com,,,,,,,
eezzz@hotmail.com,,,,,,,
Egon.Mayer@rechner.firma.de,,,,,,,
ehorton@emhconsulting.com,,,,,,,
enquires@hoovers-europe.com,,,,,,,
erainey@pirg.org,,,,,,,
ericb@conceptis.com,,,,,,,
erik@math.binghamton.edu,,,,,,,
evelyn@wkpowerlink.com,,,,,,,
evu@ivu.org,,,,,,,
exports@yellowweb.co.cr,,,,,,,
ez2do@fastteam.zzn.com,,,,,,,
faro1@caramail.com,,,,,,,
fcar@dnt.ro,,,,,,,
feedback@byte.com,,,,,,,
feedback@indialine.com,,,,,,,
fgcia@correoweb.com,,,,,,,
fi@epfl.ch,,,,,,,
Filnorth@wanadoo.fr,,,,,,,
finn@logicworld.com.au,,,,,,,
fleveneur@genex.com,,,,,,,
Fmaltese@aol.com,,,,,,,
formulaire@timegold.com,,,,,,,
foxxybrown23@yahoo.com,,,,,,,
Francois2.Vigneron@Wanadoo.fr,,,,,,,
franksempert@aol.com,,,,,,,
freddied@compuserve.com,,,,,,,
FRHousebts@aol.com,,,,,,,
fritze@bad-wildbad.com,,,,,,,
frog@yukon.cren.org,,,,,,,
function@instruments.virtualave.net,,,,,,,
g_Schmidt@t-online.de,,,,,,,
GALLOPINGJACK@onaustralia.com.au,,,,,,,
garryh@bmtech.co.uk,,,,,,,
Gary.Karcz@nau.edu,,,,,,,
gdanley@virtualis.com,,,,,,,
georgew@georgew.com,,,,,,,
getaan67@yahoo.com,,,,,,,
ggoudr@enternet.gr,,,,,,,
Gilbert.Ouradou@wanadoo.fr,,,,,,,
GJH@netspace.net.au,,,,,,,
glr@glr.com,,,,,,,
gmstuckey@yahoo.com,,,,,,,
graphics.support@cern.ch,,,,,,,
gtucker@mta.ca,,,,,,,
guido@bearix.oche.de,,,,,,,
gwhelton@internetmentor.com.,,,,,,,
haegi@worldcom.ch,,,,,,,
hans@agn.forthnet.gr,,,,,,,
hemos@slashdot.org,,,,,,,
hercules@athena.hal-net.com,,,,,,,
historic@pacbell.net,,,,,,,
history@kmag.deerfield.com,,,,,,,
hohen@hotmail.com,,,,,,,
holly@newsdesk.com,,,,,,,
horace@mta.i-way.co.uk,,,,,,,
hosting@citystar.com,,,,,,,
Housefiber@aol.com,,,,,,,
hsmith3@ibm.net,,,,,,,
huayang@public.sy.hb.cn,,,,,,,
hubert@euregio.net,,,,,,,
ian@carlyle-info-srvcs.co.uk,,,,,,,
icc@c-zone.,,,,,,,
icequeen13@hotmail.com,,,,,,,
icflorida@cimedia.com,,,,,,,
iculpin@martech-intl.com,,,,,,,
idgro@kappa.ro,,,,,,,
idintl@worldnet.att.net,,,,,,,
im2lef@hgea.org,,,,,,,
inandout@flash.net,,,,,,,
info@2bnet.com,,,,,,,
info@aqfk.qc.ca,,,,,,,
info@aqua-pure.com,,,,,,,
info@buc.osf.ro,,,,,,,
info@chemnitz-online.de,,,,,,,
info@chilnet.cl,,,,,,,
info@chito.com,,,,,,,
info@circum.org,,,,,,,
info@dnt.ro,,,,,,,
info@dupre.com,,,,,,,
info@eip.de,,,,,,,
info@evidenz.de,,,,,,,
info@flowerauction.com,,,,,,,
info@flux-multimedia.de,,,,,,,
info@gates96.com,,,,,,,
info@gibsonboats.com,,,,,,,
info@globalintlcanada.com,,,,,,,
info@gourmetcatering.com,,,,,,,
info@gy.com,,,,,,,
info@hyperhorizon.,,,,,,,
info@iprolink.ch,,,,,,,
info@iprolink.fr,,,,,,,
info@irasia.com,,,,,,,
info@limousineregistry.com,,,,,,,
info@mainewood.org,,,,,,,
info@medianet.ro,,,,,,,
info@micromedia.on.ca,,,,,,,
Info@oldtimerockandroll.com,,,,,,,
info@pcnalert.com,,,,,,,
info@platinum.com,,,,,,,
info@platinum-and-gold.com,,,,,,,
info@pleiadesintl.com,,,,,,,
info@rosemex.com,,,,,,,
info@savon-bormes.com,,,,,,,
info@segeritzinternational.com,,,,,,,
info@sfe.org.uk,,,,,,,
info@sicilian.net,,,,,,,
info@transparent.de,,,,,,,
info@tredi.com,,,,,,,
info@unety.com,,,,,,,
info@viagra.au.com,,,,,,,
info@waterwheelsoftware.com,,,,,,,
info@willis.nl,,,,,,,
info@worth.com,,,,,,,
information@md.midori-book.co.jp,,,,,,,
inkwell@iafrica.com,,,,,,,
Inquiry_via_www.sailings.to@441753683574.iddd.tpc.int,,,,,,,
interweb@tiac.net,,,,,,,
iripoll@disca.upv.es,,,,,,,
isimmins@eclipse.co.uk,,,,,,,
J.gordu@wanadoo.fr,,,,,,,
j.hochgerner@magnet.at,,,,,,,
j.irons@auckland.ac.nz,,,,,,,
jabiru@ecn.net.au,,,,,,,
jakob@gwi-de.com,,,,,,,
jammrock@ignmail.com,,,,,,,
jarret@vmc3.com,,,,,,,
javipolo@infomail.lacaixa.es,,,,,,,
jbaljko@cmp.com,,,,,,,
JCars88459@aol.com,,,,,,,
jdd@matthew.uk1.vbc.net,,,,,,,
jeanpaul@ude.ca,,,,,,,
jediteam@groupmail.com,,,,,,,
jeremy@post4.tele.dk,,,,,,,
jgpp@ctc.com,,,,,,,
jhoward1@tampabay.rr.com,,,,,,,
jih@mail.svaton.cz,,,,,,,
jirons@bitz.co.nz,,,,,,,
jjurban@ibm.net,,,,,,,
jmjka@aol.com,,,,,,,
jno@postman.dg13.cec.be,,,,,,,
jobs@datagroup.ro,,,,,,,
jodedor@bigfoot.com,,,,,,,
joeg@augtech.com,,,,,,,
Johnas4158@aol.com.,,,,,,,
johnc@interlog.com,,,,,,,
jonathan@sicilian.net,,,,,,,
jonhahn@seattle-pi.com,,,,,,,
Joost.J.vanGemert@let.uu.nl,,,,,,,
jshandle@cmp.com,,,,,,,
jupiter@jup.com,,,,,,,
jwkckid1@ix.netcom.com,,,,,,,
k.howard@cqu.edu.au,,,,,,,
Karen.Thomas@ends.com,,,,,,,
Karl-Egon.Mueller@rechner.firma.de,,,,,,,
kat@janrix.com,,,,,,,
kb027@energex.com.au,,,,,,,
ken@mv.ru,,,,,,,
kensps@jup.com,,,,,,,
kirk@mcelhearn.com,,,,,,,
kirkwood@purdue.edu,,,,,,,
Kirsti.Lindh@helsinki.fi,,,,,,,
kjm@karlm.deerfield.com,,,,,,,
knights.bachelor@usa.net,,,,,,,
kpesce@hotmail.com,,,,,,,
kquack@computerwoche.de,,,,,,,
kristalurtz@hotmail.com,,,,,,,
kualalumpur@dree.org,,,,,,,
kybele@superonline.com,,,,,,,
lalinea@mail.conecta.it,,,,,,,
lathe@www.odintech.com,,,,,,,
lavignej@globetrotter.qc.ca,,,,,,,
lawsonda@onramp.net,,,,,,,
ldham@ozemail.com.au,,,,,,,
lefty@tznet.com,,,,,,,
leibrandt@bonn1.bmwi.bund4000.de,,,,,,,
Lieberwirth@t-online.de,,,,,,,
lieschen@4president.com,,,,,,,
listings@jse.co.za,,,,,,,
llalewicz@livingonline.com,,,,,,,
logcabin@fuse.net,,,,,,,
lord_odd@hotmail.com,,,,,,,
loukim@bellatlantic.net,,,,,,,
lpdc@idir.net,,,,,,,
LScott1121@aol.com,,,,,,,
lucianb@kappa.ro,,,,,,,
lukelep@neca.com,,,,,,,
lynchcampinn@alltel.net,,,,,,,
M@SiliconValley-Program3528.gif,,,,,,,
Maarten.BOTTERMAN@DG13.cec.be,,,,,,,
macabrus-ya02408000R1608971134100001@news.con,,,,,,,
macabrus-ya02408000R1908971858150001@news.con,,,,,,,
macewanh@armpit.dia.govt.nz,,,,,,,
madanr@planetasia.com,,,,,,,
madmax@ctaz.com,,,,,,,
Majestic@dial.oleane.com,,,,,,,
majordomo@2rad.net,,,,,,,
majordomo@tao.ca,,,,,,,
maniur@brasovia.ro,,,,,,,
manu@europa3.com,,,,,,,
maray@fsz.bme.hu,,,,,,,
marc.decaenf@wanadoo.fr,,,,,,,
Maria-Chiara.Pettenati@epfl.ch,,,,,,,
Mark_Kaufman@terc.edu,,,,,,,
markr@insightgroup.co.uk,,,,,,,
Markwllms@aol.com,,,,,,,
Master.Web@FERC.Fed.US,,,,,,,
maupiti@mbox.fol.it,,,,,,,
max@www.cci-oise.fr,,,,,,,
mbland@iname.com,,,,,,,
medieval@gil.com.au,,,,,,,
medieval@webexpress.net.au,,,,,,,
meinert@wsu.edu,,,,,,,
melissa.morales@tfp.com,,,,,,,
mfwright@batnet.com,,,,,,,
mhc95812@glaxowellcome.co.uk,,,,,,,
mhirt@cmdnet.lu,,,,,,,
mike@houseboating.net,,,,,,,
mike@westphila.net,,,,,,,
mktg@4seasonresort.com,,,,,,,
mliviu@hades.ro,,,,,,,
monitorul@monitorul.ro,,,,,,,
Moper@Wanadoo.fr,,,,,,,
MPG.e5e747eac609b5a989726@news.cris.com,,,,,,,
mrobinson@frenchamerican.org,,,,,,,
Mrooein@aol.com,,,,,,,
mrsduk@picknowl.com.au,,,,,,,
msacca@compugraphia.com,,,,,,,
muenz@stud.forst.uni-landshut.de,,,,,,,
MurrayTodd@yahoo.com,,,,,,,
mwise@reenactor.net,,,,,,,
n1317551872.23196@qm.terc.edu,,,,,,,
n8ve@peop.tdsnet.com,,,,,,,
nanabarby@aol.com,,,,,,,
nathan@virtual-mc.com,,,,,,,
neighbors@seattle-pi.com,,,,,,,
nensey@simi-valley.tt.slb.com,,,,,,,
netmark@powerup.com.au,,,,,,,
newpage@limousineregistry.com,,,,,,,
news@ukbusinessnet.com,,,,,,,
news-2008972240460001@news.visi.com,,,,,,,
nicolai@quality.de,,,,,,,
nikita@emirates.net.ae,,,,,,,
nilech777@sprintmail.com,,,,,,,
ninalee@earthling.net,,,,,,,
noelhodson@msn.com,,,,,,,
northsky@ix.netcom.com,,,,,,,
nturbe@ibm.net,,,,,,,
nymetroalm@aol.com,,,,,,,
office@brasovia.ro,,,,,,,
office@iscn.ie,,,,,,,
Olivier.Ouradou@Wanadoo.fr,,,,,,,
paccon@ibm.net,,,,,,,
patricia.divine@mba.wfu.edu,,,,,,,
patricia.ramacieri.serge.crispo@ibm.net,,,,,,,
paula.winkel@jcu.edu.au,,,,,,,
pbroni@erols.com,,,,,,,
peik.stenlund@kolumbus.fi,,,,,,,
penny@newsdesk.com,,,,,,,
pennygas4@smartBotPRO.net,,,,,,,
perrow@ficom.net,,,,,,,
peter_haase@acm.org,,,,,,,
phil@ryoko.cis.pitt.edu,,,,,,,
pika@library.ethz.ch,,,,,,,
pillay@tml.co.za,,,,,,,
Pine.SUN.3.93.960716120332.15091A-100000@yukon.cren.org,,,,,,,
Pine.SUN.3.93.960717100607.19790A-100000@yukon.cren.org,,,,,,,
pkorn@bruessel.diht.ihk.de,,,,,,,
POURCHERON@wanadoo.fr,,,,,,,
pr@Romania.EU.net,,,,,,,
Press@www.alcatel.com,,,,,,,
profitnet@iname.com,,,,,,,
pschwarz@cabell.vcu.edu,,,,,,,
ra_manager@list.terc.edu,,,,,,,
raggtag@yahoo.com,,,,,,,
rahaian@brasovia.ro,,,,,,,
ralphart@fastlane.net,,,,,,,
ramath@quicktel.com,,,,,,,
raquele@bolivar.funmrd.gov.ve,,,,,,,
raster@rasterman.com,,,,,,,
raster@redhat.com,,,,,,,
ra-telcom@list.terc.edu,,,,,,,
RDib@yahoo.com,,,,,,,
refnor@mgfairfax.rr.com,,,,,,,
Rentals@ParrotCove.com,,,,,,,
reptile347@aol.com,,,,,,,
retire@retirenet.com,,,,,,,
rich@ecopy.com,,,,,,,
richfed@mohicanpress.com,,,,,,,
rkeane@cmp.com,,,,,,,
rob359@yahoo.com,,,,,,,
robbie@powerup.com.au,,,,,,,
ROBBIE_D@CompuServe.COM,,,,,,,
rodex@magi.com,,,,,,,
rodrigue.leclercq@dree.org,,,,,,,
romero@citystar.com,,,,,,,
russia@aa.net,,,,,,,
s1545992@uottawa.ca,,,,,,,
sales@akkord.com,,,,,,,
sales@GlobalFabric.com,,,,,,,
sales@headquarters.,,,,,,,
sales@medite.co.uk,,,,,,,
sberg@aol.com,,,,,,,
scrispo@interlinx.qc.ca,,,,,,,
SCROOTS-L@rootsweb.com,,,,,,,
seahorse@sat.net,,,,,,,
segeritzint@aweber.com,,,,,,,
services@vsnl.com,,,,,,,
sh2@ringier.ch,,,,,,,
shrew@peak.org,,,,,,,
siddhart@bom3.vsnl.net.in,,,,,,,
sirgydion@earthlink.net,,,,,,,
skocsis@gemma.geo.uaic.ro,,,,,,,
slblade@yahoo.com,,,,,,,
spyre@fgnetwork.com,,,,,,,
st_mike@webcom.com,,,,,,,
starkiller@picknowl.com.au,,,,,,,
stern@hrconsultant.com,,,,,,,
stettler@animanga.com,,,,,,,
stoepsel.karl@231.29.11.200,,,,,,,
strawberryislands@worldnet.att.net,,,,,,,
subscribe@citystar.com,,,,,,,
subscribe@kmag.deerfield.com,,,,,,,
suesites@hotmail.com,,,,,,,
Suggestions@TurkSearch.com,,,,,,,
sunopie@prodigy.net,,,,,,,
support@chairsearch.com,,,,,,,
support@limousineregistry.com,,,,,,,
susan1@homeportfoliojunction.com,,,,,,,
suzanne@tnd.com,,,,,,,
swguy@hotmail.com,,,,,,,
Sysop.t@savenet.com,,,,,,,
tanya@tml.co.za,,,,,,,
tau@serverhk.czcom.cz,,,,,,,
TDCNet@cmp.com,,,,,,,
telepath@cmp.com,,,,,,,
telepath@cmp.com.,,,,,,,
teletrabajo@cst.pta.es,,,,,,,
tetron@student.umass.edu,,,,,,,
TheWinningTeam@hotmail.com,,,,,,,
thibaut@melville.ece.ucdavis.edu,,,,,,,
tom@over.to,,,,,,,
tomls@earthlink.net,,,,,,,
Toyoda@md.midori-book.co.jp,,,,,,,
trac@onthenet.com.au,,,,,,,
tracy@interimexec.com,,,,,,,
transparentdesign@compuserve.com,,,,,,,
trophy@lcc.net,,,,,,,
trucksdrivers@msn.com,,,,,,,
Truth@TeamInfinity.com,,,,,,,
tx3849ab@wusl.org,,,,,,,
tzm.albrecht@t-online.de,,,,,,,
ubb@prime-web.com,,,,,,,
usa@let.rug.nl,,,,,,,
Vanessa@Norsworthy.com,,,,,,,
vanillateam@bigfoot.com,,,,,,,
vente@cstm.ca,,,,,,,
viagra@viagra.au.com,,,,,,,
vidalc@club-internet.fr,,,,,,,
villavec@math.huji.ac.il,,,,,,,
vkjkworl@cp-tel.net,,,,,,,
vladc@deuroconsult.ro,,,,,,,
vpbank@caribsurf.com,,,,,,,
web@hyperlinks.to,,,,,,,
webmaster@agora.ro,,,,,,,
webmaster@agravista.md,,,,,,,
webmaster@biz-tool.com,,,,,,,
webmaster@castergrp.com,,,,,,,
webmaster@cepis.org.pe,,,,,,,
webmaster@chairsearch.com,,,,,,,
webmaster@cwwa.ca,,,,,,,
webmaster@dnt.ro,,,,,,,
webmaster@dnttm.ro,,,,,,,
webmaster@euregio.net,,,,,,,
webmaster@indaco.ro,,,,,,,
Webmaster@InternetMentor.Com,,,,,,,
webmaster@korealink.co.kr,,,,,,,
webmaster@library.ethz.ch,,,,,,,
webmaster@limousineregistry.com,,,,,,,
webmaster@look4.net,,,,,,,
webmaster@lvnet.lv,,,,,,,
webmaster@mba.wfu.edu,,,,,,,
webmaster@micromedia.on.ca,,,,,,,
webmaster@mmltd.com,,,,,,,
webmaster@oriconsul.co.jp,,,,,,,
webmaster@qualcomm.com,,,,,,,
webmaster@romdog.com,,,,,,,
webmaster@sclero.org,,,,,,,
webmaster@self-search.com,,,,,,,
webmaster@svaton.cz,,,,,,,
webmaster@tower.org,,,,,,,
webmaster@trumble-trumbull.com,,,,,,,
webmstr@virtualazores.com,,,,,,,
webserf@butler-online.com,,,,,,,
webstaff@che.udel.edu,,,,,,,
weingut-korrell@t-online.de,,,,,,,
wendy@bmi-t.co.za,,,,,,,
wendy@newsdesk.com,,,,,,,
wip@worldinfopages.com,,,,,,,
wlcarter@brookes.ac.uk,,,,,,,
Writing@Screenwriters.com,,,,,,,
xenis@spidernet.net,,,,,,,
Y@K.htm,,,,,,,
ydostaler@videotron.ca,,,,,,,
year5000@msn.com,,,,,,,
yefchak@hpl.hp.com,,,,,,,
YOLANDA_ABNEY@ED.GOV,,,,,,,
Zach2sweet@aol.com,,,,,,,
